Month,Financial Year,Chain,Suburb,State,Country,Category,Sales
1/1/2016,2015/16,Fashion Direct,Albany,WA,Australia,Womens,8497.1
1/1/2016,2015/16,Fashion Direct,Alexandria,NSW,Australia,Womens,8022.13
1/1/2016,2015/16,Fashion Direct,Altona,VIC,Australia,Womens,7171.79
1/1/2016,2015/16,Fashion Direct,Armidale,NSW,Australia,Womens,6097.48
1/1/2016,2015/16,Fashion Direct,Ballarat,VIC,Australia,Womens,6048.55
1/1/2016,2015/16,Fashion Direct,Bathurst,NSW,Australia,Womens,6993.93
1/1/2016,2015/16,Fashion Direct,Belconnen,ACT,Australia,Womens,3161.28
1/1/2016,2015/16,Fashion Direct,Bendigo,VIC,Australia,Womens,6526.06
1/1/2016,2015/16,Fashion Direct,Bussleton,WA,Australia,Womens,7101.8
1/1/2016,2015/16,Fashion Direct,Caloundra,QLD,Australia,Womens,7161.36
1/1/2016,2015/16,Fashion Direct,Campbelltown,NSW,Australia,Womens,9954.57
1/1/2016,2015/16,Fashion Direct,Chadstone,VIC,Australia,Womens,8649.02
1/1/2016,2015/16,Fashion Direct,Chatswood,NSW,Australia,Womens,9982.52
1/1/2016,2015/16,Fashion Direct,Collingwood,VIC,Australia,Womens,7431.48
1/1/2016,2015/16,Fashion Direct,Darwin,NT,Australia,Womens,6569.69
1/1/2016,2015/16,Fashion Direct,Dubbo,NSW,Australia,Womens,5240.34
1/1/2016,2015/16,Fashion Direct,Epping,VIC,Australia,Womens,5539.58
1/1/2016,2015/16,Fashion Direct,Epsom,VIC,Australia,Womens,5915.7
1/1/2016,2015/16,Fashion Direct,Indooroopilly,QLD,Australia,Womens,5430.66
1/1/2016,2015/16,Fashion Direct,Lismore,NSW,Australia,Womens,6952.01
1/1/2016,2015/16,Fashion Direct,Maroochydore,QLD,Australia,Womens,7246.02
1/1/2016,2015/16,Fashion Direct,Mascot,NSW,Australia,Womens,5178.68
1/1/2016,2015/16,Fashion Direct,North Lakes,QLD,Australia,Womens,8581.01
1/1/2016,2015/16,Fashion Direct,Nowra,NSW,Australia,Womens,5751.75
1/1/2016,2015/16,Fashion Direct,Orange,NSW,Australia,Womens,6554.12
1/1/2016,2015/16,Fashion Direct,Randwick,NSW,Australia,Womens,5113.97
1/1/2016,2015/16,Fashion Direct,Rydalmere,NSW,Australia,Womens,5206.29
1/1/2016,2015/16,Fashion Direct,Southport,QLD,Australia,Womens,6940.08
1/1/2016,2015/16,Fashion Direct,Stafford,QLD,Australia,Womens,7557.06
1/1/2016,2015/16,Fashion Direct,Underwood,QLD,Australia,Womens,7053.9
1/1/2016,2015/16,Fashion Direct,Wagga Wagga,NSW,Australia,Womens,7361.07
2/1/2016,2015/16,Fashion Direct,Albany,WA,Australia,Womens,11124.59
2/1/2016,2015/16,Fashion Direct,Alexandria,NSW,Australia,Womens,8189.86
2/1/2016,2015/16,Fashion Direct,Altona,VIC,Australia,Womens,6112.34
2/1/2016,2015/16,Fashion Direct,Armidale,NSW,Australia,Womens,6280.36
2/1/2016,2015/16,Fashion Direct,Ballarat,VIC,Australia,Womens,6366.42
2/1/2016,2015/16,Fashion Direct,Bathurst,NSW,Australia,Womens,4383.51
2/1/2016,2015/16,Fashion Direct,Belconnen,ACT,Australia,Womens,2434.97
2/1/2016,2015/16,Fashion Direct,Bendigo,VIC,Australia,Womens,6788.79
2/1/2016,2015/16,Fashion Direct,Bussleton,WA,Australia,Womens,6543.21
2/1/2016,2015/16,Fashion Direct,Caloundra,QLD,Australia,Womens,6490.66
2/1/2016,2015/16,Fashion Direct,Campbelltown,NSW,Australia,Womens,13033.66
2/1/2016,2015/16,Fashion Direct,Chadstone,VIC,Australia,Womens,7746.38
2/1/2016,2015/16,Fashion Direct,Chatswood,NSW,Australia,Womens,6895.24
2/1/2016,2015/16,Fashion Direct,Collingwood,VIC,Australia,Womens,5917.22
2/1/2016,2015/16,Fashion Direct,Darwin,NT,Australia,Womens,7106.85
2/1/2016,2015/16,Fashion Direct,Dubbo,NSW,Australia,Womens,4666.26
2/1/2016,2015/16,Fashion Direct,Epping,VIC,Australia,Womens,4655.06
2/1/2016,2015/16,Fashion Direct,Epsom,VIC,Australia,Womens,4730.19
2/1/2016,2015/16,Fashion Direct,Indooroopilly,QLD,Australia,Womens,6071.63
2/1/2016,2015/16,Fashion Direct,Lismore,NSW,Australia,Womens,6731.75
2/1/2016,2015/16,Fashion Direct,Maroochydore,QLD,Australia,Womens,7805.29
2/1/2016,2015/16,Fashion Direct,Mascot,NSW,Australia,Womens,4807.85
2/1/2016,2015/16,Fashion Direct,North Lakes,QLD,Australia,Womens,6630.53
2/1/2016,2015/16,Fashion Direct,Nowra,NSW,Australia,Womens,8711.17
2/1/2016,2015/16,Fashion Direct,Orange,NSW,Australia,Womens,6132.23
2/1/2016,2015/16,Fashion Direct,Randwick,NSW,Australia,Womens,3554.34
2/1/2016,2015/16,Fashion Direct,Rydalmere,NSW,Australia,Womens,6466.65
2/1/2016,2015/16,Fashion Direct,Southport,QLD,Australia,Womens,4146.24
2/1/2016,2015/16,Fashion Direct,Stafford,QLD,Australia,Womens,6684.7
2/1/2016,2015/16,Fashion Direct,Underwood,QLD,Australia,Womens,7369.07
2/1/2016,2015/16,Fashion Direct,Wagga Wagga,NSW,Australia,Womens,4852.8
3/1/2016,2015/16,Fashion Direct,Albany,WA,Australia,Womens,8880.79
3/1/2016,2015/16,Fashion Direct,Alexandria,NSW,Australia,Womens,7147.62
3/1/2016,2015/16,Fashion Direct,Altona,VIC,Australia,Womens,5313.14
3/1/2016,2015/16,Fashion Direct,Armidale,NSW,Australia,Womens,6753.83
3/1/2016,2015/16,Fashion Direct,Ballarat,VIC,Australia,Womens,8871.93
3/1/2016,2015/16,Fashion Direct,Bathurst,NSW,Australia,Womens,5430.54
3/1/2016,2015/16,Fashion Direct,Belconnen,ACT,Australia,Womens,2422.54
3/1/2016,2015/16,Fashion Direct,Bendigo,VIC,Australia,Womens,6527.99
3/1/2016,2015/16,Fashion Direct,Bussleton,WA,Australia,Womens,6756.35
3/1/2016,2015/16,Fashion Direct,Caloundra,QLD,Australia,Womens,5900.47
3/1/2016,2015/16,Fashion Direct,Campbelltown,NSW,Australia,Womens,10501.05
3/1/2016,2015/16,Fashion Direct,Chadstone,VIC,Australia,Womens,9787.4
3/1/2016,2015/16,Fashion Direct,Chatswood,NSW,Australia,Womens,8941.29
3/1/2016,2015/16,Fashion Direct,Collingwood,VIC,Australia,Womens,8118.18
3/1/2016,2015/16,Fashion Direct,Darwin,NT,Australia,Womens,4972.78
3/1/2016,2015/16,Fashion Direct,Dubbo,NSW,Australia,Womens,3708.55
3/1/2016,2015/16,Fashion Direct,Epping,VIC,Australia,Womens,5688.44
3/1/2016,2015/16,Fashion Direct,Epsom,VIC,Australia,Womens,4910.55
3/1/2016,2015/16,Fashion Direct,Indooroopilly,QLD,Australia,Womens,6777.36
3/1/2016,2015/16,Fashion Direct,Lismore,NSW,Australia,Womens,6683.16
3/1/2016,2015/16,Fashion Direct,Maroochydore,QLD,Australia,Womens,7418.65
3/1/2016,2015/16,Fashion Direct,Mascot,NSW,Australia,Womens,5268.45
3/1/2016,2015/16,Fashion Direct,North Lakes,QLD,Australia,Womens,5567.87
3/1/2016,2015/16,Fashion Direct,Nowra,NSW,Australia,Womens,7029.2
3/1/2016,2015/16,Fashion Direct,Orange,NSW,Australia,Womens,3851.7
3/1/2016,2015/16,Fashion Direct,Randwick,NSW,Australia,Womens,3269.58
3/1/2016,2015/16,Fashion Direct,Rydalmere,NSW,Australia,Womens,6150.88
3/1/2016,2015/16,Fashion Direct,Southport,QLD,Australia,Womens,6302.13
3/1/2016,2015/16,Fashion Direct,Stafford,QLD,Australia,Womens,4722.23
3/1/2016,2015/16,Fashion Direct,Underwood,QLD,Australia,Womens,5793.75
3/1/2016,2015/16,Fashion Direct,Wagga Wagga,NSW,Australia,Womens,9505.39
4/1/2016,2015/16,Fashion Direct,Albany,WA,Australia,Womens,12853.84
4/1/2016,2015/16,Fashion Direct,Alexandria,NSW,Australia,Womens,7440.23
4/1/2016,2015/16,Fashion Direct,Altona,VIC,Australia,Womens,8338.94
4/1/2016,2015/16,Fashion Direct,Armidale,NSW,Australia,Womens,8192.65
4/1/2016,2015/16,Fashion Direct,Ballarat,VIC,Australia,Womens,11280.28
4/1/2016,2015/16,Fashion Direct,Bathurst,NSW,Australia,Womens,11518.98
4/1/2016,2015/16,Fashion Direct,Belconnen,ACT,Australia,Womens,3200.99
4/1/2016,2015/16,Fashion Direct,Bendigo,VIC,Australia,Womens,8101.86
4/1/2016,2015/16,Fashion Direct,Bussleton,WA,Australia,Womens,7981.97
4/1/2016,2015/16,Fashion Direct,Caloundra,QLD,Australia,Womens,9413.48
4/1/2016,2015/16,Fashion Direct,Campbelltown,NSW,Australia,Womens,15261.36
4/1/2016,2015/16,Fashion Direct,Chadstone,VIC,Australia,Womens,11839.92
4/1/2016,2015/16,Fashion Direct,Chatswood,NSW,Australia,Womens,14157.1
4/1/2016,2015/16,Fashion Direct,Collingwood,VIC,Australia,Womens,10548.44
4/1/2016,2015/16,Fashion Direct,Darwin,NT,Australia,Womens,8701.36
4/1/2016,2015/16,Fashion Direct,Dubbo,NSW,Australia,Womens,8048.7
4/1/2016,2015/16,Fashion Direct,Epping,VIC,Australia,Womens,8743.09
4/1/2016,2015/16,Fashion Direct,Epsom,VIC,Australia,Womens,8699.59
4/1/2016,2015/16,Fashion Direct,Indooroopilly,QLD,Australia,Womens,11382.83
4/1/2016,2015/16,Fashion Direct,Lismore,NSW,Australia,Womens,6333.39
4/1/2016,2015/16,Fashion Direct,Maroochydore,QLD,Australia,Womens,8225.03
4/1/2016,2015/16,Fashion Direct,Mascot,NSW,Australia,Womens,8372.27
4/1/2016,2015/16,Fashion Direct,North Lakes,QLD,Australia,Womens,6826.75
4/1/2016,2015/16,Fashion Direct,Nowra,NSW,Australia,Womens,6499.2
4/1/2016,2015/16,Fashion Direct,Orange,NSW,Australia,Womens,6507.43
4/1/2016,2015/16,Fashion Direct,Randwick,NSW,Australia,Womens,5429.69
4/1/2016,2015/16,Fashion Direct,Rydalmere,NSW,Australia,Womens,8098.88
4/1/2016,2015/16,Fashion Direct,Southport,QLD,Australia,Womens,1653.87
4/1/2016,2015/16,Fashion Direct,Stafford,QLD,Australia,Womens,8144.49
4/1/2016,2015/16,Fashion Direct,Underwood,QLD,Australia,Womens,7836.47
4/1/2016,2015/16,Fashion Direct,Wagga Wagga,NSW,Australia,Womens,10134.61
5/1/2016,2015/16,Fashion Direct,Albany,WA,Australia,Womens,10245.43
5/1/2016,2015/16,Fashion Direct,Alexandria,NSW,Australia,Womens,9714.14
5/1/2016,2015/16,Fashion Direct,Altona,VIC,Australia,Womens,9179.92
5/1/2016,2015/16,Fashion Direct,Armidale,NSW,Australia,Womens,6805.78
5/1/2016,2015/16,Fashion Direct,Ballarat,VIC,Australia,Womens,7411.59
5/1/2016,2015/16,Fashion Direct,Bathurst,NSW,Australia,Womens,8612.26
5/1/2016,2015/16,Fashion Direct,Belconnen,ACT,Australia,Womens,2989.29
5/1/2016,2015/16,Fashion Direct,Bendigo,VIC,Australia,Womens,9123.36
5/1/2016,2015/16,Fashion Direct,Bussleton,WA,Australia,Womens,8979.23
5/1/2016,2015/16,Fashion Direct,Caloundra,QLD,Australia,Womens,7503.18
5/1/2016,2015/16,Fashion Direct,Campbelltown,NSW,Australia,Womens,12109.89
5/1/2016,2015/16,Fashion Direct,Chadstone,VIC,Australia,Womens,8947.52
5/1/2016,2015/16,Fashion Direct,Chatswood,NSW,Australia,Womens,10845.38
5/1/2016,2015/16,Fashion Direct,Collingwood,VIC,Australia,Womens,8731.21
5/1/2016,2015/16,Fashion Direct,Darwin,NT,Australia,Womens,5513.18
5/1/2016,2015/16,Fashion Direct,Dubbo,NSW,Australia,Womens,8382.11
5/1/2016,2015/16,Fashion Direct,Epping,VIC,Australia,Womens,6704.02
5/1/2016,2015/16,Fashion Direct,Epsom,VIC,Australia,Womens,8748.27
5/1/2016,2015/16,Fashion Direct,Indooroopilly,QLD,Australia,Womens,7230.13
5/1/2016,2015/16,Fashion Direct,Lismore,NSW,Australia,Womens,8500.22
5/1/2016,2015/16,Fashion Direct,Maroochydore,QLD,Australia,Womens,8625.69
5/1/2016,2015/16,Fashion Direct,Mascot,NSW,Australia,Womens,6549.92
5/1/2016,2015/16,Fashion Direct,North Lakes,QLD,Australia,Womens,7074.91
5/1/2016,2015/16,Fashion Direct,Nowra,NSW,Australia,Womens,6234.71
5/1/2016,2015/16,Fashion Direct,Orange,NSW,Australia,Womens,5947.49
5/1/2016,2015/16,Fashion Direct,Randwick,NSW,Australia,Womens,5611.18
5/1/2016,2015/16,Fashion Direct,Rydalmere,NSW,Australia,Womens,6415.83
5/1/2016,2015/16,Fashion Direct,Southport,QLD,Australia,Womens,8207.85
5/1/2016,2015/16,Fashion Direct,Stafford,QLD,Australia,Womens,7895.77
5/1/2016,2015/16,Fashion Direct,Underwood,QLD,Australia,Womens,6995.33
5/1/2016,2015/16,Fashion Direct,Wagga Wagga,NSW,Australia,Womens,8649.07
6/1/2016,2015/16,Fashion Direct,Albany,WA,Australia,Womens,11393.97
6/1/2016,2015/16,Fashion Direct,Alexandria,NSW,Australia,Womens,8577.27
6/1/2016,2015/16,Fashion Direct,Altona,VIC,Australia,Womens,9280.34
6/1/2016,2015/16,Fashion Direct,Armidale,NSW,Australia,Womens,8939.63
6/1/2016,2015/16,Fashion Direct,Ballarat,VIC,Australia,Womens,5928.38
6/1/2016,2015/16,Fashion Direct,Bathurst,NSW,Australia,Womens,9537.84
6/1/2016,2015/16,Fashion Direct,Belconnen,ACT,Australia,Womens,3329.8
6/1/2016,2015/16,Fashion Direct,Bendigo,VIC,Australia,Womens,7704.77
6/1/2016,2015/16,Fashion Direct,Bussleton,WA,Australia,Womens,10192.08
6/1/2016,2015/16,Fashion Direct,Caloundra,QLD,Australia,Womens,7856.23
6/1/2016,2015/16,Fashion Direct,Campbelltown,NSW,Australia,Womens,13897.62
6/1/2016,2015/16,Fashion Direct,Chadstone,VIC,Australia,Womens,8212.88
6/1/2016,2015/16,Fashion Direct,Chatswood,NSW,Australia,Womens,12029.77
6/1/2016,2015/16,Fashion Direct,Collingwood,VIC,Australia,Womens,9786.99
6/1/2016,2015/16,Fashion Direct,Darwin,NT,Australia,Womens,6350.47
6/1/2016,2015/16,Fashion Direct,Dubbo,NSW,Australia,Womens,6707.12
6/1/2016,2015/16,Fashion Direct,Epping,VIC,Australia,Womens,7352.23
6/1/2016,2015/16,Fashion Direct,Epsom,VIC,Australia,Womens,9597.01
6/1/2016,2015/16,Fashion Direct,Indooroopilly,QLD,Australia,Womens,9020.04
6/1/2016,2015/16,Fashion Direct,Lismore,NSW,Australia,Womens,7205.41
6/1/2016,2015/16,Fashion Direct,Maroochydore,QLD,Australia,Womens,8620.65
6/1/2016,2015/16,Fashion Direct,Mascot,NSW,Australia,Womens,8367.01
6/1/2016,2015/16,Fashion Direct,North Lakes,QLD,Australia,Womens,9664.37
6/1/2016,2015/16,Fashion Direct,Nowra,NSW,Australia,Womens,7418.75
6/1/2016,2015/16,Fashion Direct,Orange,NSW,Australia,Womens,6372.8
6/1/2016,2015/16,Fashion Direct,Randwick,NSW,Australia,Womens,5631.52
6/1/2016,2015/16,Fashion Direct,Rydalmere,NSW,Australia,Womens,7103.07
6/1/2016,2015/16,Fashion Direct,Southport,QLD,Australia,Womens,7904.26
6/1/2016,2015/16,Fashion Direct,Stafford,QLD,Australia,Womens,8068.59
6/1/2016,2015/16,Fashion Direct,Underwood,QLD,Australia,Womens,6964.58
6/1/2016,2015/16,Fashion Direct,Wagga Wagga,NSW,Australia,Womens,8169.75
7/1/2016,2016/17,Fashion Direct,Albany,WA,Australia,Womens,12014.48
7/1/2016,2016/17,Fashion Direct,Alexandria,NSW,Australia,Womens,7154.51
7/1/2016,2016/17,Fashion Direct,Altona,VIC,Australia,Womens,7278.82
7/1/2016,2016/17,Fashion Direct,Armidale,NSW,Australia,Womens,8709.96
7/1/2016,2016/17,Fashion Direct,Ballarat,VIC,Australia,Womens,11214.19
7/1/2016,2016/17,Fashion Direct,Bathurst,NSW,Australia,Womens,6641.9
7/1/2016,2016/17,Fashion Direct,Belconnen,ACT,Australia,Womens,2518.32
7/1/2016,2016/17,Fashion Direct,Bendigo,VIC,Australia,Womens,7413.29
7/1/2016,2016/17,Fashion Direct,Bussleton,WA,Australia,Womens,7157.88
7/1/2016,2016/17,Fashion Direct,Caloundra,QLD,Australia,Womens,8783.5
7/1/2016,2016/17,Fashion Direct,Campbelltown,NSW,Australia,Womens,13632.84
7/1/2016,2016/17,Fashion Direct,Chadstone,VIC,Australia,Womens,9409.58
7/1/2016,2016/17,Fashion Direct,Chatswood,NSW,Australia,Womens,10363.57
7/1/2016,2016/17,Fashion Direct,Collingwood,VIC,Australia,Womens,10516.76
7/1/2016,2016/17,Fashion Direct,Darwin,NT,Australia,Womens,6295.65
7/1/2016,2016/17,Fashion Direct,Dubbo,NSW,Australia,Womens,6777.66
7/1/2016,2016/17,Fashion Direct,Epping,VIC,Australia,Womens,7255.4
7/1/2016,2016/17,Fashion Direct,Epsom,VIC,Australia,Womens,5888.62
7/1/2016,2016/17,Fashion Direct,Indooroopilly,QLD,Australia,Womens,9371.49
7/1/2016,2016/17,Fashion Direct,Lismore,NSW,Australia,Womens,8372.92
7/1/2016,2016/17,Fashion Direct,Maroochydore,QLD,Australia,Womens,9388.84
7/1/2016,2016/17,Fashion Direct,Mascot,NSW,Australia,Womens,7456.78
7/1/2016,2016/17,Fashion Direct,North Lakes,QLD,Australia,Womens,7590.94
7/1/2016,2016/17,Fashion Direct,Nowra,NSW,Australia,Womens,7189.33
7/1/2016,2016/17,Fashion Direct,Orange,NSW,Australia,Womens,7062.02
7/1/2016,2016/17,Fashion Direct,Randwick,NSW,Australia,Womens,5395.94
7/1/2016,2016/17,Fashion Direct,Rydalmere,NSW,Australia,Womens,8693.83
7/1/2016,2016/17,Fashion Direct,Southport,QLD,Australia,Womens,6507.48
7/1/2016,2016/17,Fashion Direct,Stafford,QLD,Australia,Womens,6658.89
7/1/2016,2016/17,Fashion Direct,Underwood,QLD,Australia,Womens,7591.79
7/1/2016,2016/17,Fashion Direct,Wagga Wagga,NSW,Australia,Womens,11125.02
8/1/2016,2016/17,Fashion Direct,Albany,WA,Australia,Womens,9202.72
8/1/2016,2016/17,Fashion Direct,Alexandria,NSW,Australia,Womens,9203.49
8/1/2016,2016/17,Fashion Direct,Altona,VIC,Australia,Womens,9678.82
8/1/2016,2016/17,Fashion Direct,Armidale,NSW,Australia,Womens,6123.76
8/1/2016,2016/17,Fashion Direct,Ballarat,VIC,Australia,Womens,7617.18
8/1/2016,2016/17,Fashion Direct,Bathurst,NSW,Australia,Womens,5494.01
8/1/2016,2016/17,Fashion Direct,Belconnen,ACT,Australia,Womens,4032.44
8/1/2016,2016/17,Fashion Direct,Bendigo,VIC,Australia,Womens,6586.45
8/1/2016,2016/17,Fashion Direct,Bussleton,WA,Australia,Womens,6640.92
8/1/2016,2016/17,Fashion Direct,Caloundra,QLD,Australia,Womens,7353.65
8/1/2016,2016/17,Fashion Direct,Campbelltown,NSW,Australia,Womens,11561.31
8/1/2016,2016/17,Fashion Direct,Chadstone,VIC,Australia,Womens,6039.57
8/1/2016,2016/17,Fashion Direct,Chatswood,NSW,Australia,Womens,7778.59
8/1/2016,2016/17,Fashion Direct,Collingwood,VIC,Australia,Womens,7256.04
8/1/2016,2016/17,Fashion Direct,Darwin,NT,Australia,Womens,9049.29
8/1/2016,2016/17,Fashion Direct,Dubbo,NSW,Australia,Womens,5406.95
8/1/2016,2016/17,Fashion Direct,Epping,VIC,Australia,Womens,3755.33
8/1/2016,2016/17,Fashion Direct,Epsom,VIC,Australia,Womens,4218.05
8/1/2016,2016/17,Fashion Direct,Indooroopilly,QLD,Australia,Womens,6094.37
8/1/2016,2016/17,Fashion Direct,Lismore,NSW,Australia,Womens,7547.6
8/1/2016,2016/17,Fashion Direct,Maroochydore,QLD,Australia,Womens,6916.47
8/1/2016,2016/17,Fashion Direct,Mascot,NSW,Australia,Womens,4168.83
8/1/2016,2016/17,Fashion Direct,North Lakes,QLD,Australia,Womens,8237.55
8/1/2016,2016/17,Fashion Direct,Nowra,NSW,Australia,Womens,7066.63
8/1/2016,2016/17,Fashion Direct,Orange,NSW,Australia,Womens,5992.38
8/1/2016,2016/17,Fashion Direct,Randwick,NSW,Australia,Womens,3938.81
8/1/2016,2016/17,Fashion Direct,Rydalmere,NSW,Australia,Womens,6011.09
8/1/2016,2016/17,Fashion Direct,Southport,QLD,Australia,Womens,5802.24
8/1/2016,2016/17,Fashion Direct,Stafford,QLD,Australia,Womens,8139.43
8/1/2016,2016/17,Fashion Direct,Underwood,QLD,Australia,Womens,10612.38
8/1/2016,2016/17,Fashion Direct,Wagga Wagga,NSW,Australia,Womens,7390.43
9/1/2016,2016/17,Fashion Direct,Albany,WA,Australia,Womens,8268.13
9/1/2016,2016/17,Fashion Direct,Alexandria,NSW,Australia,Womens,5905.42
9/1/2016,2016/17,Fashion Direct,Altona,VIC,Australia,Womens,7638.22
9/1/2016,2016/17,Fashion Direct,Armidale,NSW,Australia,Womens,5590.78
9/1/2016,2016/17,Fashion Direct,Ballarat,VIC,Australia,Womens,1260.54
9/1/2016,2016/17,Fashion Direct,Bathurst,NSW,Australia,Womens,5437.55
9/1/2016,2016/17,Fashion Direct,Belconnen,ACT,Australia,Womens,3208
9/1/2016,2016/17,Fashion Direct,Bendigo,VIC,Australia,Womens,5953.71
9/1/2016,2016/17,Fashion Direct,Bussleton,WA,Australia,Womens,7459.19
9/1/2016,2016/17,Fashion Direct,Caloundra,QLD,Australia,Womens,6219.36
9/1/2016,2016/17,Fashion Direct,Campbelltown,NSW,Australia,Womens,13387.77
9/1/2016,2016/17,Fashion Direct,Chadstone,VIC,Australia,Womens,7842.14
9/1/2016,2016/17,Fashion Direct,Chatswood,NSW,Australia,Womens,9371.82
9/1/2016,2016/17,Fashion Direct,Collingwood,VIC,Australia,Womens,8692.88
9/1/2016,2016/17,Fashion Direct,Darwin,NT,Australia,Womens,8166.33
9/1/2016,2016/17,Fashion Direct,Dubbo,NSW,Australia,Womens,5535.69
9/1/2016,2016/17,Fashion Direct,Epping,VIC,Australia,Womens,5355.47
9/1/2016,2016/17,Fashion Direct,Epsom,VIC,Australia,Womens,5210.07
9/1/2016,2016/17,Fashion Direct,Indooroopilly,QLD,Australia,Womens,6592.36
9/1/2016,2016/17,Fashion Direct,Lismore,NSW,Australia,Womens,7382.47
9/1/2016,2016/17,Fashion Direct,Maroochydore,QLD,Australia,Womens,7377.44
9/1/2016,2016/17,Fashion Direct,Mascot,NSW,Australia,Womens,4670.61
9/1/2016,2016/17,Fashion Direct,North Lakes,QLD,Australia,Womens,7016.17
9/1/2016,2016/17,Fashion Direct,Nowra,NSW,Australia,Womens,8139.73
9/1/2016,2016/17,Fashion Direct,Orange,NSW,Australia,Womens,7463.8
9/1/2016,2016/17,Fashion Direct,Randwick,NSW,Australia,Womens,5098.06
9/1/2016,2016/17,Fashion Direct,Rydalmere,NSW,Australia,Womens,6234.48
9/1/2016,2016/17,Fashion Direct,Southport,QLD,Australia,Womens,5402.18
9/1/2016,2016/17,Fashion Direct,Stafford,QLD,Australia,Womens,7107.45
9/1/2016,2016/17,Fashion Direct,Underwood,QLD,Australia,Womens,10467.87
9/1/2016,2016/17,Fashion Direct,Wagga Wagga,NSW,Australia,Womens,6727.49
10/1/2016,2016/17,Fashion Direct,Albany,WA,Australia,Womens,7150.9
10/1/2016,2016/17,Fashion Direct,Alexandria,NSW,Australia,Womens,5868.78
10/1/2016,2016/17,Fashion Direct,Altona,VIC,Australia,Womens,7544.94
10/1/2016,2016/17,Fashion Direct,Armidale,NSW,Australia,Womens,4474.23
10/1/2016,2016/17,Fashion Direct,Ballarat,VIC,Australia,Womens,4413.15
10/1/2016,2016/17,Fashion Direct,Bathurst,NSW,Australia,Womens,4214.43
10/1/2016,2016/17,Fashion Direct,Belconnen,ACT,Australia,Womens,1744.06
10/1/2016,2016/17,Fashion Direct,Bendigo,VIC,Australia,Womens,7462.31
10/1/2016,2016/17,Fashion Direct,Bussleton,WA,Australia,Womens,6159.99
10/1/2016,2016/17,Fashion Direct,Caloundra,QLD,Australia,Womens,5482.73
10/1/2016,2016/17,Fashion Direct,Campbelltown,NSW,Australia,Womens,7853.11
10/1/2016,2016/17,Fashion Direct,Chadstone,VIC,Australia,Womens,7659.43
10/1/2016,2016/17,Fashion Direct,Chatswood,NSW,Australia,Womens,5561.61
10/1/2016,2016/17,Fashion Direct,Collingwood,VIC,Australia,Womens,4930.54
10/1/2016,2016/17,Fashion Direct,Darwin,NT,Australia,Womens,4099.06
10/1/2016,2016/17,Fashion Direct,Dubbo,NSW,Australia,Womens,4597.71
10/1/2016,2016/17,Fashion Direct,Epping,VIC,Australia,Womens,3840.77
10/1/2016,2016/17,Fashion Direct,Epsom,VIC,Australia,Womens,4435.78
10/1/2016,2016/17,Fashion Direct,Indooroopilly,QLD,Australia,Womens,4036.8
10/1/2016,2016/17,Fashion Direct,Lismore,NSW,Australia,Womens,4899.33
10/1/2016,2016/17,Fashion Direct,Maroochydore,QLD,Australia,Womens,4892.41
10/1/2016,2016/17,Fashion Direct,Mascot,NSW,Australia,Womens,3124.85
10/1/2016,2016/17,Fashion Direct,North Lakes,QLD,Australia,Womens,3372.18
10/1/2016,2016/17,Fashion Direct,Nowra,NSW,Australia,Womens,5604.15
10/1/2016,2016/17,Fashion Direct,Orange,NSW,Australia,Womens,3985.47
10/1/2016,2016/17,Fashion Direct,Randwick,NSW,Australia,Womens,4458.6
10/1/2016,2016/17,Fashion Direct,Rydalmere,NSW,Australia,Womens,5294.43
10/1/2016,2016/17,Fashion Direct,Southport,QLD,Australia,Womens,5083.02
10/1/2016,2016/17,Fashion Direct,Stafford,QLD,Australia,Womens,2947.68
10/1/2016,2016/17,Fashion Direct,Underwood,QLD,Australia,Womens,5706.27
10/1/2016,2016/17,Fashion Direct,Wagga Wagga,NSW,Australia,Womens,4156.8
11/1/2016,2016/17,Fashion Direct,Albany,WA,Australia,Womens,6031
11/1/2016,2016/17,Fashion Direct,Alexandria,NSW,Australia,Womens,5521.3
11/1/2016,2016/17,Fashion Direct,Altona,VIC,Australia,Womens,5893.51
11/1/2016,2016/17,Fashion Direct,Armidale,NSW,Australia,Womens,7172.31
11/1/2016,2016/17,Fashion Direct,Ballarat,VIC,Australia,Womens,6875.58
11/1/2016,2016/17,Fashion Direct,Bathurst,NSW,Australia,Womens,7497.75
11/1/2016,2016/17,Fashion Direct,Belconnen,ACT,Australia,Womens,1344.2
11/1/2016,2016/17,Fashion Direct,Bendigo,VIC,Australia,Womens,6119.07
11/1/2016,2016/17,Fashion Direct,Bussleton,WA,Australia,Womens,7179.28
11/1/2016,2016/17,Fashion Direct,Caloundra,QLD,Australia,Womens,4369.79
11/1/2016,2016/17,Fashion Direct,Campbelltown,NSW,Australia,Womens,6454.93
11/1/2016,2016/17,Fashion Direct,Chadstone,VIC,Australia,Womens,6099.26
11/1/2016,2016/17,Fashion Direct,Chatswood,NSW,Australia,Womens,8077.81
11/1/2016,2016/17,Fashion Direct,Collingwood,VIC,Australia,Womens,5877.8
11/1/2016,2016/17,Fashion Direct,Darwin,NT,Australia,Womens,3425.49
11/1/2016,2016/17,Fashion Direct,Dubbo,NSW,Australia,Womens,3543.14
11/1/2016,2016/17,Fashion Direct,Epping,VIC,Australia,Womens,4751.83
11/1/2016,2016/17,Fashion Direct,Epsom,VIC,Australia,Womens,4621.08
11/1/2016,2016/17,Fashion Direct,Indooroopilly,QLD,Australia,Womens,7605.93
11/1/2016,2016/17,Fashion Direct,Lismore,NSW,Australia,Womens,3759.22
11/1/2016,2016/17,Fashion Direct,Maroochydore,QLD,Australia,Womens,6415.81
11/1/2016,2016/17,Fashion Direct,Mascot,NSW,Australia,Womens,4236.46
11/1/2016,2016/17,Fashion Direct,North Lakes,QLD,Australia,Womens,5042.15
11/1/2016,2016/17,Fashion Direct,Nowra,NSW,Australia,Womens,5591.86
11/1/2016,2016/17,Fashion Direct,Orange,NSW,Australia,Womens,4535.38
11/1/2016,2016/17,Fashion Direct,Randwick,NSW,Australia,Womens,6911.89
11/1/2016,2016/17,Fashion Direct,Rydalmere,NSW,Australia,Womens,3882.55
11/1/2016,2016/17,Fashion Direct,Southport,QLD,Australia,Womens,5986.46
11/1/2016,2016/17,Fashion Direct,Stafford,QLD,Australia,Womens,4827.65
11/1/2016,2016/17,Fashion Direct,Underwood,QLD,Australia,Womens,4874.57
11/1/2016,2016/17,Fashion Direct,Wagga Wagga,NSW,Australia,Womens,5335.83
12/1/2016,2016/17,Fashion Direct,Albany,WA,Australia,Womens,7543.82
12/1/2016,2016/17,Fashion Direct,Alexandria,NSW,Australia,Womens,4151.32
12/1/2016,2016/17,Fashion Direct,Altona,VIC,Australia,Womens,7030.4
12/1/2016,2016/17,Fashion Direct,Armidale,NSW,Australia,Womens,6470.31
12/1/2016,2016/17,Fashion Direct,Ballarat,VIC,Australia,Womens,9931.99
12/1/2016,2016/17,Fashion Direct,Bathurst,NSW,Australia,Womens,5614.28
12/1/2016,2016/17,Fashion Direct,Belconnen,ACT,Australia,Womens,1894.5
12/1/2016,2016/17,Fashion Direct,Bendigo,VIC,Australia,Womens,6941.66
12/1/2016,2016/17,Fashion Direct,Bussleton,WA,Australia,Womens,5883.04
12/1/2016,2016/17,Fashion Direct,Caloundra,QLD,Australia,Womens,4978.98
12/1/2016,2016/17,Fashion Direct,Campbelltown,NSW,Australia,Womens,5538.66
12/1/2016,2016/17,Fashion Direct,Chadstone,VIC,Australia,Womens,7162.8
12/1/2016,2016/17,Fashion Direct,Chatswood,NSW,Australia,Womens,6786.46
12/1/2016,2016/17,Fashion Direct,Collingwood,VIC,Australia,Womens,6504.06
12/1/2016,2016/17,Fashion Direct,Darwin,NT,Australia,Womens,4245.97
12/1/2016,2016/17,Fashion Direct,Dubbo,NSW,Australia,Womens,3877.36
12/1/2016,2016/17,Fashion Direct,Epping,VIC,Australia,Womens,4795.37
12/1/2016,2016/17,Fashion Direct,Epsom,VIC,Australia,Womens,4123.99
12/1/2016,2016/17,Fashion Direct,Indooroopilly,QLD,Australia,Womens,6740.65
12/1/2016,2016/17,Fashion Direct,Lismore,NSW,Australia,Womens,3512.04
12/1/2016,2016/17,Fashion Direct,Maroochydore,QLD,Australia,Womens,6934.02
12/1/2016,2016/17,Fashion Direct,Mascot,NSW,Australia,Womens,5104.59
12/1/2016,2016/17,Fashion Direct,North Lakes,QLD,Australia,Womens,4120.82
12/1/2016,2016/17,Fashion Direct,Nowra,NSW,Australia,Womens,3594.42
12/1/2016,2016/17,Fashion Direct,Orange,NSW,Australia,Womens,4543.58
12/1/2016,2016/17,Fashion Direct,Randwick,NSW,Australia,Womens,4930.75
12/1/2016,2016/17,Fashion Direct,Rydalmere,NSW,Australia,Womens,4561.59
12/1/2016,2016/17,Fashion Direct,Southport,QLD,Australia,Womens,5989.8
12/1/2016,2016/17,Fashion Direct,Stafford,QLD,Australia,Womens,4974.76
12/1/2016,2016/17,Fashion Direct,Underwood,QLD,Australia,Womens,6105.61
12/1/2016,2016/17,Fashion Direct,Wagga Wagga,NSW,Australia,Womens,7354.18
1/1/2017,2016/17,Fashion Direct,Albany,WA,Australia,Womens,4775.74
1/1/2017,2016/17,Fashion Direct,Alexandria,NSW,Australia,Womens,3326.22
1/1/2017,2016/17,Fashion Direct,Altona,VIC,Australia,Womens,4205.79
1/1/2017,2016/17,Fashion Direct,Armidale,NSW,Australia,Womens,4125.21
1/1/2017,2016/17,Fashion Direct,Ballarat,VIC,Australia,Womens,4792.73
1/1/2017,2016/17,Fashion Direct,Bathurst,NSW,Australia,Womens,5122.11
1/1/2017,2016/17,Fashion Direct,Belconnen,ACT,Australia,Womens,2091.17
1/1/2017,2016/17,Fashion Direct,Bendigo,VIC,Australia,Womens,4448.54
1/1/2017,2016/17,Fashion Direct,Bussleton,WA,Australia,Womens,4356.42
1/1/2017,2016/17,Fashion Direct,Caloundra,QLD,Australia,Womens,3500.14
1/1/2017,2016/17,Fashion Direct,Campbelltown,NSW,Australia,Womens,4751.73
1/1/2017,2016/17,Fashion Direct,Chadstone,VIC,Australia,Womens,6258.77
1/1/2017,2016/17,Fashion Direct,Chatswood,NSW,Australia,Womens,4526.6
1/1/2017,2016/17,Fashion Direct,Collingwood,VIC,Australia,Womens,5508.73
1/1/2017,2016/17,Fashion Direct,Darwin,NT,Australia,Womens,4305.17
1/1/2017,2016/17,Fashion Direct,Dubbo,NSW,Australia,Womens,3100.8
1/1/2017,2016/17,Fashion Direct,Epping,VIC,Australia,Womens,3155.58
1/1/2017,2016/17,Fashion Direct,Epsom,VIC,Australia,Womens,4291.64
1/1/2017,2016/17,Fashion Direct,Indooroopilly,QLD,Australia,Womens,3322.65
1/1/2017,2016/17,Fashion Direct,Lismore,NSW,Australia,Womens,4161.48
1/1/2017,2016/17,Fashion Direct,Maroochydore,QLD,Australia,Womens,3729.57
1/1/2017,2016/17,Fashion Direct,Mascot,NSW,Australia,Womens,2774.32
1/1/2017,2016/17,Fashion Direct,North Lakes,QLD,Australia,Womens,4544.5
1/1/2017,2016/17,Fashion Direct,Nowra,NSW,Australia,Womens,3510.67
1/1/2017,2016/17,Fashion Direct,Orange,NSW,Australia,Womens,3301.34
1/1/2017,2016/17,Fashion Direct,Randwick,NSW,Australia,Womens,3976.5
1/1/2017,2016/17,Fashion Direct,Rydalmere,NSW,Australia,Womens,2190.56
1/1/2017,2016/17,Fashion Direct,Southport,QLD,Australia,Womens,4573.31
1/1/2017,2016/17,Fashion Direct,Stafford,QLD,Australia,Womens,3735.1
1/1/2017,2016/17,Fashion Direct,Underwood,QLD,Australia,Womens,3142.5
1/1/2017,2016/17,Fashion Direct,Wagga Wagga,NSW,Australia,Womens,4930.05
2/1/2017,2016/17,Fashion Direct,Albany,WA,Australia,Womens,5198.95
2/1/2017,2016/17,Fashion Direct,Alexandria,NSW,Australia,Womens,5495.24
2/1/2017,2016/17,Fashion Direct,Altona,VIC,Australia,Womens,6407.55
2/1/2017,2016/17,Fashion Direct,Armidale,NSW,Australia,Womens,3837.12
2/1/2017,2016/17,Fashion Direct,Ballarat,VIC,Australia,Womens,4315.34
2/1/2017,2016/17,Fashion Direct,Bathurst,NSW,Australia,Womens,4030.13
2/1/2017,2016/17,Fashion Direct,Belconnen,ACT,Australia,Womens,1962.31
2/1/2017,2016/17,Fashion Direct,Bendigo,VIC,Australia,Womens,5270.47
2/1/2017,2016/17,Fashion Direct,Bussleton,WA,Australia,Womens,3208.2
2/1/2017,2016/17,Fashion Direct,Caloundra,QLD,Australia,Womens,3700.46
2/1/2017,2016/17,Fashion Direct,Campbelltown,NSW,Australia,Womens,6840.53
2/1/2017,2016/17,Fashion Direct,Chadstone,VIC,Australia,Womens,3651.3
2/1/2017,2016/17,Fashion Direct,Chatswood,NSW,Australia,Womens,4634.31
2/1/2017,2016/17,Fashion Direct,Collingwood,VIC,Australia,Womens,5391.01
2/1/2017,2016/17,Fashion Direct,Darwin,NT,Australia,Womens,4153.42
2/1/2017,2016/17,Fashion Direct,Dubbo,NSW,Australia,Womens,4770
2/1/2017,2016/17,Fashion Direct,Epping,VIC,Australia,Womens,2639.04
2/1/2017,2016/17,Fashion Direct,Epsom,VIC,Australia,Womens,3306.64
2/1/2017,2016/17,Fashion Direct,Indooroopilly,QLD,Australia,Womens,4434.37
2/1/2017,2016/17,Fashion Direct,Lismore,NSW,Australia,Womens,4121.94
2/1/2017,2016/17,Fashion Direct,Maroochydore,QLD,Australia,Womens,4393.78
2/1/2017,2016/17,Fashion Direct,Mascot,NSW,Australia,Womens,2175.42
2/1/2017,2016/17,Fashion Direct,North Lakes,QLD,Australia,Womens,4658.23
2/1/2017,2016/17,Fashion Direct,Nowra,NSW,Australia,Womens,5100.55
2/1/2017,2016/17,Fashion Direct,Orange,NSW,Australia,Womens,3584.81
2/1/2017,2016/17,Fashion Direct,Randwick,NSW,Australia,Womens,3409.07
2/1/2017,2016/17,Fashion Direct,Rydalmere,NSW,Australia,Womens,3248.54
2/1/2017,2016/17,Fashion Direct,Southport,QLD,Australia,Womens,3124.58
2/1/2017,2016/17,Fashion Direct,Stafford,QLD,Australia,Womens,2996.12
2/1/2017,2016/17,Fashion Direct,Underwood,QLD,Australia,Womens,5755.01
2/1/2017,2016/17,Fashion Direct,Wagga Wagga,NSW,Australia,Womens,5724.1
3/1/2017,2016/17,Fashion Direct,Albany,WA,Australia,Womens,8268.13
3/1/2017,2016/17,Fashion Direct,Alexandria,NSW,Australia,Womens,5905.42
3/1/2017,2016/17,Fashion Direct,Altona,VIC,Australia,Womens,7638.22
3/1/2017,2016/17,Fashion Direct,Armidale,NSW,Australia,Womens,5590.78
3/1/2017,2016/17,Fashion Direct,Ballarat,VIC,Australia,Womens,5673.69
3/1/2017,2016/17,Fashion Direct,Bathurst,NSW,Australia,Womens,5437.55
3/1/2017,2016/17,Fashion Direct,Belconnen,ACT,Australia,Womens,3208
3/1/2017,2016/17,Fashion Direct,Bendigo,VIC,Australia,Womens,5953.71
3/1/2017,2016/17,Fashion Direct,Bussleton,WA,Australia,Womens,7459.19
3/1/2017,2016/17,Fashion Direct,Caloundra,QLD,Australia,Womens,6219.36
3/1/2017,2016/17,Fashion Direct,Campbelltown,NSW,Australia,Womens,13387.77
3/1/2017,2016/17,Fashion Direct,Chadstone,VIC,Australia,Womens,7842.14
3/1/2017,2016/17,Fashion Direct,Chatswood,NSW,Australia,Womens,9371.82
3/1/2017,2016/17,Fashion Direct,Collingwood,VIC,Australia,Womens,8692.88
3/1/2017,2016/17,Fashion Direct,Darwin,NT,Australia,Womens,8166.33
3/1/2017,2016/17,Fashion Direct,Dubbo,NSW,Australia,Womens,5535.69
3/1/2017,2016/17,Fashion Direct,Epping,VIC,Australia,Womens,5355.47
3/1/2017,2016/17,Fashion Direct,Epsom,VIC,Australia,Womens,5210.07
3/1/2017,2016/17,Fashion Direct,Indooroopilly,QLD,Australia,Womens,6592.36
3/1/2017,2016/17,Fashion Direct,Lismore,NSW,Australia,Womens,7382.47
3/1/2017,2016/17,Fashion Direct,Maroochydore,QLD,Australia,Womens,7377.44
3/1/2017,2016/17,Fashion Direct,Mascot,NSW,Australia,Womens,4670.61
3/1/2017,2016/17,Fashion Direct,North Lakes,QLD,Australia,Womens,7016.17
3/1/2017,2016/17,Fashion Direct,Nowra,NSW,Australia,Womens,8139.73
3/1/2017,2016/17,Fashion Direct,Orange,NSW,Australia,Womens,7463.8
3/1/2017,2016/17,Fashion Direct,Randwick,NSW,Australia,Womens,5098.06
3/1/2017,2016/17,Fashion Direct,Rydalmere,NSW,Australia,Womens,6234.48
3/1/2017,2016/17,Fashion Direct,Southport,QLD,Australia,Womens,5402.18
3/1/2017,2016/17,Fashion Direct,Stafford,QLD,Australia,Womens,7107.45
3/1/2017,2016/17,Fashion Direct,Underwood,QLD,Australia,Womens,10467.87
3/1/2017,2016/17,Fashion Direct,Wagga Wagga,NSW,Australia,Womens,6727.49
4/1/2017,2016/17,Fashion Direct,Albany,WA,Australia,Womens,7150.9
4/1/2017,2016/17,Fashion Direct,Alexandria,NSW,Australia,Womens,5868.78
4/1/2017,2016/17,Fashion Direct,Altona,VIC,Australia,Womens,7544.94
4/1/2017,2016/17,Fashion Direct,Armidale,NSW,Australia,Womens,4474.23
4/1/2017,2016/17,Fashion Direct,Ballarat,VIC,Australia,Womens,3820.21
4/1/2017,2016/17,Fashion Direct,Bathurst,NSW,Australia,Womens,4214.43
4/1/2017,2016/17,Fashion Direct,Belconnen,ACT,Australia,Womens,1744.06
4/1/2017,2016/17,Fashion Direct,Bendigo,VIC,Australia,Womens,7462.31
4/1/2017,2016/17,Fashion Direct,Bussleton,WA,Australia,Womens,6159.99
4/1/2017,2016/17,Fashion Direct,Caloundra,QLD,Australia,Womens,5482.73
4/1/2017,2016/17,Fashion Direct,Campbelltown,NSW,Australia,Womens,7853.11
4/1/2017,2016/17,Fashion Direct,Chadstone,VIC,Australia,Womens,7659.43
4/1/2017,2016/17,Fashion Direct,Chatswood,NSW,Australia,Womens,8547.73
4/1/2017,2016/17,Fashion Direct,Collingwood,VIC,Australia,Womens,4930.54
4/1/2017,2016/17,Fashion Direct,Darwin,NT,Australia,Womens,4099.06
4/1/2017,2016/17,Fashion Direct,Dubbo,NSW,Australia,Womens,4597.71
4/1/2017,2016/17,Fashion Direct,Epping,VIC,Australia,Womens,3840.77
4/1/2017,2016/17,Fashion Direct,Epsom,VIC,Australia,Womens,4435.78
4/1/2017,2016/17,Fashion Direct,Indooroopilly,QLD,Australia,Womens,4036.8
4/1/2017,2016/17,Fashion Direct,Lismore,NSW,Australia,Womens,4899.33
4/1/2017,2016/17,Fashion Direct,Maroochydore,QLD,Australia,Womens,4892.41
4/1/2017,2016/17,Fashion Direct,Mascot,NSW,Australia,Womens,3124.85
4/1/2017,2016/17,Fashion Direct,North Lakes,QLD,Australia,Womens,3372.18
4/1/2017,2016/17,Fashion Direct,Nowra,NSW,Australia,Womens,5604.15
4/1/2017,2016/17,Fashion Direct,Orange,NSW,Australia,Womens,3985.47
4/1/2017,2016/17,Fashion Direct,Randwick,NSW,Australia,Womens,4458.6
4/1/2017,2016/17,Fashion Direct,Rydalmere,NSW,Australia,Womens,5294.43
4/1/2017,2016/17,Fashion Direct,Southport,QLD,Australia,Womens,5083.02
4/1/2017,2016/17,Fashion Direct,Stafford,QLD,Australia,Womens,2947.68
4/1/2017,2016/17,Fashion Direct,Underwood,QLD,Australia,Womens,5706.27
4/1/2017,2016/17,Fashion Direct,Wagga Wagga,NSW,Australia,Womens,4156.8
5/1/2017,2016/17,Fashion Direct,Albany,WA,Australia,Womens,6031
5/1/2017,2016/17,Fashion Direct,Alexandria,NSW,Australia,Womens,5521.3
5/1/2017,2016/17,Fashion Direct,Altona,VIC,Australia,Womens,5893.51
5/1/2017,2016/17,Fashion Direct,Armidale,NSW,Australia,Womens,7172.31
5/1/2017,2016/17,Fashion Direct,Ballarat,VIC,Australia,Womens,6463.64
5/1/2017,2016/17,Fashion Direct,Bathurst,NSW,Australia,Womens,7497.75
5/1/2017,2016/17,Fashion Direct,Belconnen,ACT,Australia,Womens,1344.2
5/1/2017,2016/17,Fashion Direct,Bendigo,VIC,Australia,Womens,6119.07
5/1/2017,2016/17,Fashion Direct,Bussleton,WA,Australia,Womens,7279.28
5/1/2017,2016/17,Fashion Direct,Caloundra,QLD,Australia,Womens,4369.79
5/1/2017,2016/17,Fashion Direct,Campbelltown,NSW,Australia,Womens,6454.93
5/1/2017,2016/17,Fashion Direct,Chadstone,VIC,Australia,Womens,6099.26
5/1/2017,2016/17,Fashion Direct,Chatswood,NSW,Australia,Womens,8077.81
5/1/2017,2016/17,Fashion Direct,Collingwood,VIC,Australia,Womens,5877.8
5/1/2017,2016/17,Fashion Direct,Darwin,NT,Australia,Womens,3425.49
5/1/2017,2016/17,Fashion Direct,Dubbo,NSW,Australia,Womens,3543.14
5/1/2017,2016/17,Fashion Direct,Epping,VIC,Australia,Womens,4751.83
5/1/2017,2016/17,Fashion Direct,Epsom,VIC,Australia,Womens,4621.08
5/1/2017,2016/17,Fashion Direct,Indooroopilly,QLD,Australia,Womens,7605.14
5/1/2017,2016/17,Fashion Direct,Lismore,NSW,Australia,Womens,3759.22
5/1/2017,2016/17,Fashion Direct,Maroochydore,QLD,Australia,Womens,6415.81
5/1/2017,2016/17,Fashion Direct,Mascot,NSW,Australia,Womens,4236.46
5/1/2017,2016/17,Fashion Direct,North Lakes,QLD,Australia,Womens,5042.15
5/1/2017,2016/17,Fashion Direct,Nowra,NSW,Australia,Womens,5591.86
5/1/2017,2016/17,Fashion Direct,Orange,NSW,Australia,Womens,4535.38
5/1/2017,2016/17,Fashion Direct,Randwick,NSW,Australia,Womens,6911.89
5/1/2017,2016/17,Fashion Direct,Rydalmere,NSW,Australia,Womens,3882.55
5/1/2017,2016/17,Fashion Direct,Southport,QLD,Australia,Womens,5986.46
5/1/2017,2016/17,Fashion Direct,Stafford,QLD,Australia,Womens,4827.65
5/1/2017,2016/17,Fashion Direct,Underwood,QLD,Australia,Womens,4874.57
5/1/2017,2016/17,Fashion Direct,Wagga Wagga,NSW,Australia,Womens,5335.83
6/1/2017,2016/17,Fashion Direct,Albany,WA,Australia,Womens,7543.82
6/1/2017,2016/17,Fashion Direct,Alexandria,NSW,Australia,Womens,4151.32
6/1/2017,2016/17,Fashion Direct,Altona,VIC,Australia,Womens,7030.4
6/1/2017,2016/17,Fashion Direct,Armidale,NSW,Australia,Womens,6470.31
6/1/2017,2016/17,Fashion Direct,Ballarat,VIC,Australia,Womens,6523.72
6/1/2017,2016/17,Fashion Direct,Bathurst,NSW,Australia,Womens,5614.28
6/1/2017,2016/17,Fashion Direct,Belconnen,ACT,Australia,Womens,1894.5
6/1/2017,2016/17,Fashion Direct,Bendigo,VIC,Australia,Womens,6941.66
6/1/2017,2016/17,Fashion Direct,Bussleton,WA,Australia,Womens,5883.04
6/1/2017,2016/17,Fashion Direct,Caloundra,QLD,Australia,Womens,4978.98
6/1/2017,2016/17,Fashion Direct,Campbelltown,NSW,Australia,Womens,5538.66
6/1/2017,2016/17,Fashion Direct,Chadstone,VIC,Australia,Womens,7162.8
6/1/2017,2016/17,Fashion Direct,Chatswood,NSW,Australia,Womens,6786.46
6/1/2017,2016/17,Fashion Direct,Collingwood,VIC,Australia,Womens,6504.06
6/1/2017,2016/17,Fashion Direct,Darwin,NT,Australia,Womens,4245.97
6/1/2017,2016/17,Fashion Direct,Dubbo,NSW,Australia,Womens,3877.36
6/1/2017,2016/17,Fashion Direct,Epping,VIC,Australia,Womens,4795.37
6/1/2017,2016/17,Fashion Direct,Epsom,VIC,Australia,Womens,4123.99
6/1/2017,2016/17,Fashion Direct,Indooroopilly,QLD,Australia,Womens,6740.65
6/1/2017,2016/17,Fashion Direct,Lismore,NSW,Australia,Womens,3512.04
6/1/2017,2016/17,Fashion Direct,Maroochydore,QLD,Australia,Womens,6934.02
6/1/2017,2016/17,Fashion Direct,Mascot,NSW,Australia,Womens,5104.59
6/1/2017,2016/17,Fashion Direct,North Lakes,QLD,Australia,Womens,4120.04
6/1/2017,2016/17,Fashion Direct,Nowra,NSW,Australia,Womens,3594.42
6/1/2017,2016/17,Fashion Direct,Orange,NSW,Australia,Womens,4543.58
6/1/2017,2016/17,Fashion Direct,Randwick,NSW,Australia,Womens,4930.75
6/1/2017,2016/17,Fashion Direct,Rydalmere,NSW,Australia,Womens,4561.59
6/1/2017,2016/17,Fashion Direct,Southport,QLD,Australia,Womens,5989.8
6/1/2017,2016/17,Fashion Direct,Stafford,QLD,Australia,Womens,4974.76
6/1/2017,2016/17,Fashion Direct,Underwood,QLD,Australia,Womens,6105.61
6/1/2017,2016/17,Fashion Direct,Wagga Wagga,NSW,Australia,Womens,7354.18
7/1/2017,2017/18,Fashion Direct,Albany,WA,Australia,Womens,5353.44
7/1/2017,2017/18,Fashion Direct,Alexandria,NSW,Australia,Womens,2956.03
7/1/2017,2017/18,Fashion Direct,Altona,VIC,Australia,Womens,4582.15
7/1/2017,2017/18,Fashion Direct,Armidale,NSW,Australia,Womens,3997.87
7/1/2017,2017/18,Fashion Direct,Ballarat,VIC,Australia,Womens,4499.5
7/1/2017,2017/18,Fashion Direct,Bathurst,NSW,Australia,Womens,3194.14
7/1/2017,2017/18,Fashion Direct,Belconnen,ACT,Australia,Womens,1751.47
7/1/2017,2017/18,Fashion Direct,Bendigo,VIC,Australia,Womens,4836.09
7/1/2017,2017/18,Fashion Direct,Bussleton,WA,Australia,Womens,4364.99
7/1/2017,2017/18,Fashion Direct,Caloundra,QLD,Australia,Womens,4448.07
7/1/2017,2017/18,Fashion Direct,Campbelltown,NSW,Australia,Womens,6514.11
7/1/2017,2017/18,Fashion Direct,Chadstone,VIC,Australia,Womens,4194.36
7/1/2017,2017/18,Fashion Direct,Chatswood,NSW,Australia,Womens,5665.17
7/1/2017,2017/18,Fashion Direct,Collingwood,VIC,Australia,Womens,4700.19
7/1/2017,2017/18,Fashion Direct,Darwin,NT,Australia,Womens,3257.5
7/1/2017,2017/18,Fashion Direct,Dubbo,NSW,Australia,Womens,2802.45
7/1/2017,2017/18,Fashion Direct,Epping,VIC,Australia,Womens,2888.21
7/1/2017,2017/18,Fashion Direct,Epsom,VIC,Australia,Womens,3302.02
7/1/2017,2017/18,Fashion Direct,Indooroopilly,QLD,Australia,Womens,3968.05
7/1/2017,2017/18,Fashion Direct,Lismore,NSW,Australia,Womens,2624.69
7/1/2017,2017/18,Fashion Direct,Maroochydore,QLD,Australia,Womens,4406.21
7/1/2017,2017/18,Fashion Direct,Mascot,NSW,Australia,Womens,2721.47
7/1/2017,2017/18,Fashion Direct,North Lakes,QLD,Australia,Womens,3442.91
7/1/2017,2017/18,Fashion Direct,Nowra,NSW,Australia,Womens,3441.45
7/1/2017,2017/18,Fashion Direct,Orange,NSW,Australia,Womens,3329.31
7/1/2017,2017/18,Fashion Direct,Randwick,NSW,Australia,Womens,3308.69
7/1/2017,2017/18,Fashion Direct,Rydalmere,NSW,Australia,Womens,4290.12
7/1/2017,2017/18,Fashion Direct,Southport,QLD,Australia,Womens,4579.05
7/1/2017,2017/18,Fashion Direct,Stafford,QLD,Australia,Womens,3327.63
7/1/2017,2017/18,Fashion Direct,Underwood,QLD,Australia,Womens,5342.64
7/1/2017,2017/18,Fashion Direct,Wagga Wagga,NSW,Australia,Womens,4706.64
